input_name,gbif_matched_scientificName,gbif_accepted_usageKey,wfo_match_id,wfo_accepted_name,gbif_native_countries,gbif_native_country_codes,gbif_native_total_records,gbif_native_sampled_records,gbif_native_confidence
Acacia collinsii Saff.,Acacia collinsii Saff.,3795578,wfo-0001277422,Vachellia collinsii (Saff.) Seigler & Ebinger,,,0,0,none
Acalypha hispida Burm.f.,Acalypha hispida Burm.f.,3056375,wfo-0000950668,Acalypha hispida Burm.f.,Christmas Island | Colombia,CO | CX,2,2,very_low
Acorus gramineus Ait. 'Variegatus',Acorus gramineus Aiton,2873807,wfo-0000352676,Acorus gramineus Aiton,Chinese Taipei | Japan | Viet Nam,JP | TW | VN,11,11,low
Adenanthera microsperma Teijsm. et Binn.,Adenanthera microsperma Teijsm. & Binn.,2951851,wfo-0000187373,Adenanthera microsperma Teijsm. & Binn.,,,0,0,none
Aglaonema costatum N.E.Br.,Aglaonema costatum N.E.Br.,2866357,wfo-0000917172,Aglaonema costatum N.E.Br.,,,0,0,none
Aglaonema modestum Schott ex Engl.,Aglaonema modestum Schott ex Engl.,2866488,wfo-0000921877,Aglaonema modestum Schott ex Engl.,,,0,0,none
Aglaonema nitidum (Jack) Kunth 'Silver King',Aglaonema nitidum (Jack) Kunth,2866438,wfo-0000922580,Aglaonema nitidum (Jack) Kunth,,,0,0,none
Allamanda schottii Pohl.,Allamanda schottii Pohl,3169838,wfo-0000943350,Allamanda,Brazil,BR,124,124,medium
Alpinia purpurata (Viell.) Schum.,Alpinia purpurata (Vieill.) K.Schum.,5301960,wfo-0000338713,Alpinia purpurata (Vieill.) K.Schum.,Fiji | French Polynesia,FJ | PF,3,3,very_low
Alpinia vittata Bull.,Alpinia vittata W.Bull,5302160,wfo-0000338842,Alpinia vittata W.Bull,,,0,0,none
Alpinia zerumbet (Pers.) B. L. Burtt et Rosemary M. Sm.,Alpinia zerumbet (Pers.) B.L.Burtt & R.M.Sm.,5301979,wfo-0000338850,Alpinia zerumbet (Pers.) B.L.Burtt & R.M.Sm.,Chinese Taipei,TW,49,49,low
Alpinia zerumbet (Pers.) B. L. Burtt et Rosemary M. Sm. 'Variegata',Alpinia zerumbet (Pers.) B.L.Burtt & R.M.Sm.,5301979,wfo-0000338850,Alpinia zerumbet (Pers.) B.L.Burtt & R.M.Sm.,Chinese Taipei,TW,49,49,low
Ananas comosus (L.) Merr.,Ananas comosus (L.) Merr.,5288819,wfo-0000339432,Ananas comosus (L.) Merr.,Afghanistan | Argentina | Bolivia (Plurinational State of) | Brazil | Colombia | France | French Guiana | Guyana | Paraguay | Suriname | Venezuela (Bolivarian Republic of),AF | AR | BO | BR | CO | FR | GF | GY | PY | SR | VE,1236,900,high
Angraecum eburneum Bory,Angraecum eburneum Bory,2833834,wfo-0000976619,Angraecum eburneum Bory,Seychelles,SC,16,16,low
Anthurium digitatum (Jacq.) G.Don f.,Anthurium digitatum (Jacq.) Schott,2872987,wfo-0000224360,Anthurium digitatum (Jacq.) Schott,,,0,0,none
Anthurium schlechtendalii Kunth,Anthurium schlechtendalii Kunth,2872288,wfo-0000232488,Anthurium schlechtendalii Kunth,Colombia,CO,2,2,very_low
Anthurium vittariifolium Engl.,Anthurium vittariifolium Engl.,2873406,wfo-0000234460,Anthurium vittariifolium Engl.,Brazil,BR,2,2,very_low
Aristolochia fimbriata Cham.,Aristolochia fimbriata Cham.,3589582,wfo-0000547788,Aristolochia fimbriata Cham.,Argentina | Bolivia (Plurinational State of) | Brazil | Cuba | Uruguay,AR | BO | BR | CU | UY,62,62,medium
Aristolochia gigantea Mart. et Zucc.,Aristolochia gigantea Mart. & Zucc.,3589283,wfo-0000547827,Aristolochia,Brazil,BR,245,245,high
Aristolochia grandiflora Sw.,Aristolochia grandiflora Sw.,2874014,wfo-0000745363,Aristolochia,,,0,0,none
Aristolochia labiata Willd.,Aristolochia labiata Willd.,2874002,wfo-0000547955,Aristolochia labiata Willd.,Brazil,BR,559,559,high
Aristolochia maxima L.,Aristolochia maxima Jacq.,2873997,wfo-0000548053,Aristolochia maxima Jacq.,Colombia,CO,3,3,very_low
Aristolochia ringens Vahl,Aristolochia ringens Vahl,2873998,wfo-0000548271,Aristolochia ringens Vahl,Australia | Colombia,AU | CO,2,2,very_low
Aristolochia trilobata L.,Aristolochia trilobata L.,8358388,wfo-0000548425,Aristolochia trilobata L.,Argentina | Brazil | Paraguay | Uruguay,AR | BR | PY | UY,212,212,high
Aristolochia zollingeriana Miq,Aristolochia zollingeriana Miq.,5836315,wfo-0000548485,Aristolochia zollingeriana Miq.,Chinese Taipei,TW,4,4,very_low
Asplenium nidus L.,Asplenium nidus L.,2650676,wfo-0001108020,Asplenium nidus L.,Australia | Chinese Taipei | India | Malaysia | Papua New Guinea | Seychelles | Tonga | United States of America,AU | IN | MY | PG | SC | TO | TW | US,105,105,medium
Averrhoa carambola L.,Averrhoa carambola L.,2891641,wfo-0000557405,Averrhoa carambola L.,Chinese Taipei,TW,2,2,very_low
Averrhoa carambola L. ’B10’,Averrhoa carambola L.,2891641,wfo-0000557405,Averrhoa carambola L.,Chinese Taipei,TW,2,2,very_low
Averrhoa carambola L. 'Fwang Tung'’,Averrhoa carambola L.,2891641,wfo-0000557405,Averrhoa carambola L.,Chinese Taipei,TW,2,2,very_low
Begonia listada L.B.Sm. et Wassh.,Begonia listada L.B.Sm. & Wassh.,4157039,wfo-0000824596,Begonia listada L.B.Sm. & Wassh.,,,0,0,none
Begonia solimutata L.B.Sm. et Wassh.,Begonia solimutata L.B.Sm. & Wassh.,7646487,wfo-0000825560,Begonia soli-mutata L.B.Sm. & Wassh.,,,0,0,none
Brachychilum horsfieldii (R.Br. ex Wallich) Petersen,Brachychilum horsfieldii (R.Br. ex Wall.) Petersen,2758650,wfo-0000436106,Hedychium horsfieldii Wall.,,,0,0,none
Breynia nivosa (W.G.Sm.) Small.,Breynia nivosa (W.Bull) Small,5383031,wfo-0000412108,Breynia disticha J.R.Forst. & G.Forst.,Australia | New Caledonia | Norfolk Island | Vanuatu,AU | NC | NF | VU,9,9,very_low
Brownea latifolia Jacq.,Brownea latifolia Jacq.,2970480,wfo-0000184964,Brownea coccinea subsp. capitella (Jacq.) D.Velázquez & G.Agostini,,,0,0,none
Caladium bicolor (Aiton) Vent.,Caladium bicolor (Aiton) Vent.,2868390,wfo-0000739079,Caladium bicolor (Aiton) Vent.,Bolivia (Plurinational State of) | Brazil | Colombia | Venezuela (Bolivarian Republic of),BO | BR | CO | VE,180,180,medium
Calathea zebrina (Sims) Lindl.,Calathea zebrina (Sims) Lindl.,5302914,wfo-0000430828,Goeppertia zebrina (Sims) Nees,Brazil,BR,70,70,medium
Canna glauca L.,Canna glauca L.,5303128,wfo-0000343792,Canna glauca L.,Argentina | Brazil | Ecuador | Paraguay | Spain | United States of America | Uruguay,AR | BR | EC | ES | PY | US | UY,252,252,high
Carica papaya L.,Carica papaya L.,2874484,wfo-0000588009,Carica papaya L.,Argentina | Australia | Colombia | Seychelles | United States of America,AR | AU | CO | SC | US,20,20,low
Carica papaya L. 'Nana',Carica papaya L.,2874484,wfo-0000588009,Carica papaya L.,Argentina | Australia | Colombia | Seychelles | United States of America,AR | AU | CO | SC | US,20,20,low
Carica papaya L. 'Pasar Orange',Carica papaya L.,2874484,wfo-0000588009,Carica papaya L.,Argentina | Australia | Colombia | Seychelles | United States of America,AR | AU | CO | SC | US,20,20,low
Carica papaya L. 'Solo',Carica papaya L.,2874484,wfo-0000588009,Carica papaya L.,Argentina | Australia | Colombia | Seychelles | United States of America,AR | AU | CO | SC | US,20,20,low
Carica papaya L. 'Solo-Waimanalo',Carica papaya L.,2874484,wfo-0000588009,Carica papaya L.,Argentina | Australia | Colombia | Seychelles | United States of America,AR | AU | CO | SC | US,20,20,low
Carica papaya L. 'Sunset',Carica papaya L.,2874484,wfo-0000588009,Carica papaya L.,Argentina | Australia | Colombia | Seychelles | United States of America,AR | AU | CO | SC | US,20,20,low
Castanospermum australe Raddi,Castanospermum australe A.Cunn. ex Mudie,7579806,wfo-0000212067,Castanospermum australe A.Cunn. & C.Fraser,Australia,AU,35,35,low
Cinnamomum parthenoxylon (Jacq.) Meisn.,Cinnamomum parthenoxylon (Jack) Meisn.,4181342,wfo-0000605312,Cinnamomum parthenoxylon (Jack) Meisn.,,,0,0,none
Clerodendrum splendens G.Don. ex James,Clerodendrum splendens G.Don,7999246,wfo-0000886685,Clerodendrum splendens G.Don,,,0,0,none
Clerodendrum thomsoniae Balf.f.,Clerodendrum thomsoniae Balf.f.,3889087,wfo-0000887105,Clerodendrum thomsoniae Balf.,Chinese Taipei | Nigeria,NG | TW,3,3,very_low
Clusia rosea Jacq. ’Princess’,Clusia rosea Jacq.,5421060,wfo-0000612436,Clusia rosea Jacq.,Colombia | United States of America,CO | US,4,4,very_low
Coccothrinax readii H.J.Quero R.,Coccothrinax readii H.J.Quero,2735226,wfo-0000901549,Coccothrinax readii H.J.Quero,,,0,0,none
Cocos nucifera L.,Cocos nucifera L.,2735117,wfo-0000903570,Cocos nucifera L.,Australia | Cocos (Keeling) Islands | Colombia | Philippines | Seychelles | Tonga,AU | CC | CO | PH | SC | TO,51,51,medium
Cocos nucifera L. 'King',Cocos nucifera L.,2735117,wfo-0000903570,Cocos nucifera L.,Australia | Cocos (Keeling) Islands | Colombia | Philippines | Seychelles | Tonga,AU | CC | CO | PH | SC | TO,51,51,medium
Cocos nucifera L. 'Maypan',Cocos nucifera L.,2735117,wfo-0000903570,Cocos nucifera L.,Australia | Cocos (Keeling) Islands | Colombia | Philippines | Seychelles | Tonga,AU | CC | CO | PH | SC | TO,51,51,medium
Coffea arabica L.,Coffea arabica L.,2895345,wfo-0000910097,Coffea arabica L.,Australia | Chinese Taipei | Fiji | United Kingdom of Great Britain and Northern Ireland,AU | FJ | GB | TW,13,13,low
Coffea arabica L. 'Bourbon',Coffea arabica L.,2895345,wfo-0000910097,Coffea arabica L.,Australia | Chinese Taipei | Fiji | United Kingdom of Great Britain and Northern Ireland,AU | FJ | GB | TW,13,13,low
Coffea arabica L. 'Nana',Coffea arabica L.,2895345,wfo-0000910097,Coffea arabica L.,Australia | Chinese Taipei | Fiji | United Kingdom of Great Britain and Northern Ireland,AU | FJ | GB | TW,13,13,low
Coffea canephora Pierre ex A.Froehner,Coffea canephora Pierre ex A.Froehner,2895528,wfo-0000910571,Coffea canephora Pierre ex A.Froehner,"Afghanistan | Angola | Benin | Brunei Darussalam | Cameroon | Central African Republic | Congo | Congo, Democratic Republic of the | Costa Rica | Côte d’Ivoire | Dominica | Equatorial Guinea | Gabon | Ghana | Guinea | Indonesia | Jamaica | Madagascar | Malaysia | Mayotte | Netherlands | New Caledonia | Nigeria | Philippines | Portugal | Puerto Rico | Réunion | Sao Tome and Principe | Sierra Leone | South Africa | Sri Lanka | Tanzania, United Republic of | Thailand | Trinidad and Tobago | Uganda | United States of America",AF | AO | BJ | BN | CD | CF | CG | CI | CM | CR | DM | GA | GH | GN | GQ | ID | JM | LK | MG | MY | NC | NG | NL | PH | PR | PT | RE | SL | ST | TH | TT | TZ | UG | US | YT | ZA,252,252,high
Colocasia esculenta (L.) Schott.,Colocasia esculenta (L.) Schott,5330776,wfo-0000917419,Colocasia esculenta (L.) Schott,Australia | China | Chinese Taipei | Colombia | India | Indonesia | Japan | Papua New Guinea | Philippines | Spain | Uganda,AU | CN | CO | ES | ID | IN | JP | PG | PH | TW | UG,80,80,medium
Colvillea racemosa Bojer ex Hook.,Colvillea racemosa Bojer ex Hook.,10704829,wfo-0000186694,Colvillea racemosa Bojer,,,0,0,none
Cordia myxa L. non Forssk.,Cordia myxa L.,5341290,wfo-0000620765,Cordia myxa L.,Australia,AU,7,7,very_low
Couroupita guianensis Auhl.,Couroupita guianensis Aubl.,3082562,wfo-0000775148,Couroupita guianensis Aubl.,Brazil | Colombia | Ecuador | Nicaragua,BR | CO | EC | NI,104,104,medium
Ctenanthe amabilis (E.Morren) H.A.Kenn. & Nicolson,Ctenanthe amabilis (É.Morren) H.Kenn. & Nicolson,2762431,wfo-0000365193,Ctenanthe amabilis (É.Morren) H.Kenn. & Nicolson,Brazil,BR,1,1,very_low
Cubanola domingensis (Britton) Aiella,Cubanola domingensis (Britton) Aiello,2893015,wfo-0000933427,Cubanola domingensis (Britton) Aiello,Dominican Republic,DO,1,1,very_low
Curculigo capitulata (Lour.) Kantze.,Curculigo capitulata (Lour.) Kuntze,2852556,wfo-0000764772,Curculigo capitulata (Lour.) Kuntze,Australia | China | Chinese Taipei,AU | CN | TW,8,8,very_low
Cyanastrum cordifolium Oliv.,Cyanastrum cordifolium Oliv.,2860900,wfo-0000764829,Cyanastrum cordifolium Oliv.,,,0,0,none
Cyperus diffusus Vahl.,Cyperus diffusus Vahl,2713932,wfo-0000371726,Cyperus,Chinese Taipei | Colombia,CO | TW,9,9,very_low
Delonix regia (Bojer) Raf.,Delonix regia (Bojer ex Hook.) Raf.,2956176,wfo-0000166389,Delonix regia (Bojer ex Hook.) Raf.,Australia | Colombia,AU | CO,10,10,low
Dendrocnide excelsa (Wedd.) Chew.,Dendrocnide excelsa (Wedd.) Chew,4098881,wfo-0000641019,Dendrocnide excelsa (Wedd.) Chew,Australia,AU,50,50,medium
Dichrostachys cinerea (L.) Wight. et Arn.,Dichrostachys cinerea (L.) Wight & Arn.,2975891,wfo-0000195972,Alantsilodendron,Australia | Kenya | Timor-Leste,AU | KE | TL,8,8,very_low
Dioscorea alata L.,Dioscorea alata L.,2754476,wfo-0000388864,Dioscorea alata L.,Australia,AU,2,2,very_low
Dioscorea oppositifolia L.,Dioscorea oppositifolia L.,2754965,wfo-0000393046,Dioscorea oppositifolia L.,,,0,0,none
Dioscorea polystachya Turcz. (Dioscorea batatas),Dioscorea polystachya Turcz.,2754732,wfo-0000393961,Dioscorea polystachya Turcz.,Chinese Taipei,TW,12,12,low
Dischidia bengalensis Colebr.,Dischidia bengalensis Colebr.,3571031,wfo-0000651616,Dischidia bengalensis Colebr.,,,0,0,none
Dischidia platyphylla Schltr.,Dischidia platyphylla Schltr.,3582027,wfo-0000651732,Dischidia platyphylla Schltr.,,,0,0,none
Dischidia subulata Warb. Dischidia cordifolia,Dischidia subulata Warb.,7312659,wfo-0000651779,Dischidia subulata Warb.,,,0,0,none
Dischidia vidalii Becc. ,Dischidia vidalii Becc.,8017070,wfo-0000651795,Dischidia vidalii Becc.,,,0,0,none
Elaeis guineensis Jacq,Elaeis guineensis Jacq.,2731882,wfo-0000947985,Elaeis guineensis Jacq.,"Afghanistan | Angola | Bahamas | Benin | Brazil | Burkina Faso | Cameroon | Congo, Democratic Republic of the | Croatia | Cuba | Côte d’Ivoire | Equatorial Guinea | France | French Polynesia | Gabon | Germany | Ghana | Guinea | Guinea-Bissau | Honduras | India | Indonesia | Kenya | Liberia | Madagascar | Micronesia (Federated States of) | Nigeria | Panama | Philippines | Puerto Rico | Sao Tome and Principe | Sierra Leone | South Africa | Sri Lanka | Suriname | Tanzania, United Republic of | Thailand | Trinidad and Tobago | United Kingdom of Great Britain and Northern Ireland | United States of America | Viet Nam",AF | AO | BF | BJ | BR | BS | CD | CI | CM | CU | DE | FM | FR | GA | GB | GH | GN | GQ | GW | HN | HR | ID | IN | KE | LK | LR | MG | NG | PA | PF | PH | PR | SL | SR | ST | TH | TT | TZ | US | VN | ZA,162,162,medium
Elettaria ensal (Gaertn.) Abeyw.,Elettaria ensal (Gaertn.) Abeyw.,2759860,wfo-0000406519,Elettaria ensal (Gaertn.) Abeyw.,Sri Lanka,LK,1,1,very_low
Epidendum ciliare L.,Epidendrum ciliare L.,5320796,wfo-0000949799,Epidendrum ciliare L.,Brazil | Mexico | Nicaragua,BR | MX | NI,44,44,low
Epiphyllum anguliger (Lem.) G.Don,Epiphyllum anguliger (Lem.) G.Don,10771315,wfo-0001430590,Disocactus anguliger (Lem.) M.A.Cruz & S.Arias,Mexico,MX,1,1,very_low
Epiphyllum chrysocardium Alex.,Epiphyllum chrysocardium Alexander,5621256,wfo-0000670160,Epiphyllum chrysocardium Alexander,,,0,0,none
Epiphyllum oxypetalum (DC.) Haw.,Epiphyllum oxypetalum (DC.) Haw.,5384031,wfo-0000670203,Epiphyllum oxypetalum (DC.) Haw.,,,0,0,none
Erythroxylum coca Lam,Erythroxylum coca Lam.,2873939,wfo-0000679758,Erythroxylum coca Lam.,Austria | Bolivia (Plurinational State of) | Brazil | China | Colombia | Germany | Peru | Sri Lanka,AT | BO | BR | CN | CO | DE | LK | PE,90,90,medium
Euphorbia leuconeura Boiss,Euphorbia leuconeura Boiss.,3066177,wfo-0000963021,Euphorbia leuconeura Boiss.,,,0,0,none
Euterpe oleracea Mart.,Euterpe oleracea Mart.,5293398,wfo-0000965687,Euterpe oleracea Mart.,Brazil | Colombia | Ecuador,BR | CO | EC,147,147,medium
Ficus benghalensis L.,Ficus benghalensis L.,5361919,wfo-0000687501,Ficus benghalensis L.,Australia | India | Myanmar | United States of America,AU | IN | MM | US,7,7,very_low
Ficus cyathistipula Warb,Ficus cyathistipula Warb.,7262354,wfo-0000688019,Ficus cyathistipula Warb.,,,0,0,none
Ficus elastica Roxb. ex Hornem. 'De la Rouche',Ficus elastica Roxb. ex Hornem.,7835333,wfo-0000688216,Ficus elastica Roxb. ex Hornem.,Brazil | India | Indonesia | Papua New Guinea | Philippines | Spain | Vanuatu,BR | ES | ID | IN | PG | PH | VU,8,8,very_low
Ficus elastica Roxb. ex Hornem. 'Melani',Ficus elastica Roxb. ex Hornem.,7835333,wfo-0000688216,Ficus elastica Roxb. ex Hornem.,Brazil | India | Indonesia | Papua New Guinea | Philippines | Spain | Vanuatu,BR | ES | ID | IN | PG | PH | VU,8,8,very_low
Ficus lyrata Warb.,Ficus lyrata Warb.,5361899,wfo-0001084874,Ficus lyrata Warb.,,,0,0,none
Ficus obliqua Forst.,Ficus obliqua G.Forst.,7262513,wfo-0000689487,Ficus obliqua G.Forst.,Australia | Fiji | Papua New Guinea | Tonga | Vanuatu,AU | FJ | PG | TO | VU,85,85,medium
Ficus rubiginosa Desf. ex Vent.,Ficus rubiginosa Desf. ex Vent.,5361929,wfo-0000690111,Ficus rubiginosa Desf. ex Vent.,Australia | United States of America,AU | US,229,229,high
Ficus rubiginosa Desf. ex Vent. 'Variegata',Ficus rubiginosa Desf. ex Vent.,5361929,wfo-0000690111,Ficus rubiginosa Desf. ex Vent.,Australia | United States of America,AU | US,229,229,high
Flacourtia flavescens Willd.,Flacourtia flavescens Willd.,5331162,wfo-0000925655,Flacourtia indica (Burm.f.) Merr.,,,0,0,none
Globba schomburgkii Hook.f.,Globba schomburgkii Hook.f.,2757889,wfo-0000430660,Globba schomburgkii Hook.f.,,,0,0,none
Harpullia arborea (Blanco) Radlk,Harpullia arborea (Blanco) Radlk.,3190016,wfo-0000715815,Harpullia arborea (Blanco) Radlk.,Australia | Indonesia | Papua New Guinea | Philippines | Solomon Islands | Timor-Leste | Tonga | Vanuatu,AU | ID | PG | PH | SB | TL | TO | VU,29,29,low
Hatiora pentaptera (Pfeiff. ex A. Dietr.) Lem.,Hatiora pentaptera (Pfeiff. ex A.Dietr.) Lem.,3945739,wfo-0001287051,Rhipsalis pentaptera Pfeiff. ex A.Dietr.,Brazil,BR,3,3,very_low
Hatiora salicornioides Britton et Rose.,Hatiora salicornioides Britton & Rose,7280906,wfo-0000716171,Hatiora salicornioides (Haw.) Britton & Rose,Brazil,BR,453,453,high
Hedychium coronarium J.G.Koenig.,Hedychium coronarium J.Koenig,7883492,wfo-0000435787,Hedychium coronarium J.Koenig,Australia | Chinese Taipei,AU | TW,2,2,very_low
Hedychium gardnerianum Ker.-gawl.,Hedychium gardnerianum Sheph. ex Ker Gawl.,2758700,wfo-0000435987,Hedychium gardnerianum Sheph. ex Ker Gawl.,United States of America,US,2,2,very_low
Hedychium horsfieldii R.Br. ex Wall.,Hedychium horsfieldii R.Br. ex Wall.,2758650,wfo-0000436106,Hedychium horsfieldii Wall.,,,0,0,none
Heliconia 'Olympic Flame',Heliconia L.,2760545,wfo-4000017228,Heliconia L.,,,3192,0,high
Heliconia rostrata Ruiz et Pav.,Heliconia rostrata Ruiz & Pav.,2760967,wfo-0000438784,Heliconia rostrata Ruiz & Pav.,Brazil | Colombia | Ecuador | Peru,BR | CO | EC | PE,92,92,medium
Hoffmannia ghiesberghtii (Lem.) Hemsl.,Hoffmannia ghiesbreghtii (Lem.) Hemsl.,5335448,wfo-0000982612,Hoffmannia ghiesbreghtii (Lem.) Hemsl.,,,0,0,none
Hoffmannia ghiesberghtii (Lem.) Hemsl.,Hoffmannia ghiesbreghtii (Lem.) Hemsl.,5335448,wfo-0000982612,Hoffmannia ghiesbreghtii (Lem.) Hemsl.,,,0,0,none
Hura crepitans L.,Hura crepitans L.,5380015,wfo-0000215711,Hura crepitans L.,Bolivia (Plurinational State of) | Brazil | Colombia | Peru | Suriname | United States of America | Venezuela (Bolivarian Republic of),BO | BR | CO | PE | SR | US | VE,117,117,medium
Hylocereus megalanthus (K.Schum.) Ralf Bauer,Hylocereus megalanthus (K.Schum. ex Vaupel) Ralf Bauer,3942259,wfo-0001288022,Selenicereus megalanthus (K.Schum. ex Vaupel) Moran,,,0,0,none
Hylocereus undatus (Haw.) Britton et Rose.,Hylocereus undatus (Haw.) Britton & Rose,10334868,wfo-0001434109,Selenicereus undatus (Haw.) D.R.Hunt,Spain,ES,9,9,very_low
Isolepis cernua (Vahl) Roem. et Schukt.,Isolepis cernua (Vahl) Roem. & Schult.,2713316,wfo-0000448337,Isolepis cernua (Vahl) Roem. & Schult.,Australia | Brazil | Chile | Colombia | New Zealand | Norfolk Island | Portugal | Spain | United States of America | unknown or invalid,AU | BR | CL | CO | ES | NF | NZ | PT | US | ZZ,1031,900,high
Justicia brandegeana Wassh. & L.B.Sm.,Justicia brandegeeana Wassh. & L.B.Sm.,3173122,wfo-0000354190,Justicia brandegeeana Wassh. & L.B.Sm.,Brazil | Croatia | Mexico | United States of America,BR | HR | MX | US,95,95,medium
Justicia carnea Lindl.,Justicia carnea Lindl.,3770188,wfo-0000354735,Justicia carnea Lindl.,Argentina | Brazil,AR | BR,994,900,high
Khaya grandifolia C.DC.,Khaya grandifoliola C.DC.,3852039,wfo-0000357001,Khaya grandifoliola C.DC.,,,0,0,none
Kigelia pinnata (Jacq.) DC.,Kigelia pinnata (Jacq.) DC.,7298549,wfo-0000919059,Kigelia africana subsp. africana,,,1,1,very_low
Kohleria hirsuta (HBK) Reg.,Kohleria hirsuta (Kunth) Regel,6365157,wfo-0000357724,Kohleria hirsuta (Kunth) Regel,,,0,0,none
Lagerstroemia speciosa (L.) Pers.,Lagerstroemia speciosa (L.) Pers.,3188724,wfo-0000366693,Lagerstroemia speciosa (L.) Pers.,India | Indonesia | Myanmar | Sri Lanka,ID | IN | LK | MM,6,6,very_low
Mangifera indica L. 'Irwin',Mangifera indica L.,3190638,wfo-0000371248,Mangifera indica L.,Australia | Bhutan | Chinese Taipei | Colombia | India | Malaysia,AU | BT | CO | IN | MY | TW,14,14,low
Mangifera indica L. 'Kensington',Mangifera indica L.,3190638,wfo-0000371248,Mangifera indica L.,Australia | Bhutan | Chinese Taipei | Colombia | India | Malaysia,AU | BT | CO | IN | MY | TW,14,14,low
Mangifera indica L. 'Osteen',Mangifera indica L.,3190638,wfo-0000371248,Mangifera indica L.,Australia | Bhutan | Chinese Taipei | Colombia | India | Malaysia,AU | BT | CO | IN | MY | TW,14,14,low
Medinilla magnifica Lindl.,Medinilla magnifica Lindl.,3188507,wfo-0001082446,Medinilla magnifica Lindl.,,,0,0,none
Nephelium lappaceum,Nephelium lappaceum L.,5421126,wfo-0000381268,Nephelium lappaceum L.,,,0,0,none
Mimosa aculeaticarpa Ortega,Mimosa aculeaticarpa Ortega,2969973,wfo-0000169632,Mimosa aculeaticarpa Ortega,United States of America,US,2,2,very_low
Mimosa polycarpa Kanth. var. spegazzinii (Pirrota) Burkart.,Mimosa polycarpa var. spegazzinii (Pirotta) Burkart,2969639,wfo-0000169804,Mimosa polycarpa var. spegazzinii (Pirotta) Burkart,Argentina | Bolivia (Plurinational State of) | Brazil | Paraguay,AR | BO | BR | PY,160,160,medium
Morinda citriodora l,Morinda L.,2915429,wfo-4000024850,Morinda L.,Australia | China | Chinese Taipei | Colombia | French Polynesia | Indonesia | New Caledonia | Papua New Guinea | Samoa | Seychelles | Thailand | Timor-Leste | Tonga,AU | CN | CO | ID | NC | PF | PG | SC | TH | TL | TO | TW | WS,107,107,medium
Murraya paniculata (L.) Jack,Murraya paniculata (L.) Jack,8190743,wfo-0000453279,Murraya paniculata (L.) Jack,Australia | China | Chinese Taipei | Papua New Guinea | United Kingdom of Great Britain and Northern Ireland,AU | CN | GB | PG | TW,68,68,medium
Musa coccinea Andrews,Musa coccinea Andrews,2762920,wfo-0000474224,Musa coccinea Andrews,Afghanistan | Brazil | China | Honduras | Indonesia | Philippines | Puerto Rico | Viet Nam,AF | BR | CN | HN | ID | PH | PR | VN,18,18,low
Musa velutina Wendl. et Drude,Musa velutina H.Wendl. & Drude,2762971,wfo-0000475207,Musa velutina H.Wendl. & Drude,Afghanistan | Costa Rica | India | Trinidad and Tobago | United States of America,AF | CR | IN | TT | US,8,8,very_low
Musa x nana 'Cavendishii',Musa nana Lour.,3750363,wfo-0000474616,Musa nana Lour.,,,0,0,none
Musa x paradisiaca L. 'Aple',Musa × paradisiaca L.,2762752,wfo-0000474656,Musa × paradisiaca L.,Brazil | Colombia | Spain | United States of America,BR | CO | ES | US,10,10,low
Musa x paradisiaca L. 'Kreol',Musa × paradisiaca L.,2762752,wfo-0000474656,Musa × paradisiaca L.,Brazil | Colombia | Spain | United States of America,BR | CO | ES | US,10,10,low
Musa x paradisiaca L. 'Pakovan',Musa × paradisiaca L.,2762752,wfo-0000474656,Musa × paradisiaca L.,Brazil | Colombia | Spain | United States of America,BR | CO | ES | US,10,10,low
Musa x paradisiaca L. 'Prata Ana',Musa × paradisiaca L.,2762752,wfo-0000474656,Musa × paradisiaca L.,Brazil | Colombia | Spain | United States of America,BR | CO | ES | US,10,10,low
Musa x paradisiaca L. 'Pray',Musa × paradisiaca L.,2762752,wfo-0000474656,Musa × paradisiaca L.,Brazil | Colombia | Spain | United States of America,BR | CO | ES | US,10,10,low
Musa x paradisiaca L. 'Red',Musa × paradisiaca L.,2762752,wfo-0000474656,Musa × paradisiaca L.,Brazil | Colombia | Spain | United States of America,BR | CO | ES | US,10,10,low
Musa x paradisiaca L. ssp. seminifera Bak.,Musa paradisiaca subsp. seminifera (Lour.) Baker,3750389,wfo-0000475069,Musa seminifera Lour.,,,0,0,none
Musa x paradisiaca L. 'Valerie',Musa × paradisiaca L.,2762752,wfo-0000474656,Musa × paradisiaca L.,Brazil | Colombia | Spain | United States of America,BR | CO | ES | US,10,10,low
Nautilocalyx lynchii Hook.f.,Nautilocalyx lynchii (Hook.fil.) Sprague,3820178,wfo-0001064811,Nautilocalyx lynchii (Hook.f.) Sprague,Brazil,BR,1,1,very_low
Neptunia plena (L.) Benth.,Neptunia plena (L.) Benth.,5353568,wfo-0000174148,Neptunia plena (L.) Benth.,Australia | Bolivia (Plurinational State of) | Brazil | Chinese Taipei | Ecuador | Guyana | Mexico | Paraguay | Peru,AU | BO | BR | EC | GY | MX | PE | PY | TW,490,490,high
Oxalis triangularis A. St.-Hil. var. purpurea,Oxalis triangularis A.St.-Hil.,7156971,wfo-0001089468,Oxalis triangularis A.St.-Hil.,Argentina | Brazil,AR | BR,293,293,high
Pachira affinis Decne.,Pachira affinis (Mart.) Decne.,3152236,wfo-0000397363,Pachira insignis (Sw.) Savigny,Brazil | Venezuela (Bolivarian Republic of),BR | VE,23,23,low
Pachira aquatica Aubl.,Pachira aquatica Aubl.,3152235,wfo-0000397427,Pachira aquatica Aubl.,Argentina | Brazil | Colombia | Ecuador | Mexico | Venezuela (Bolivarian Republic of),AR | BR | CO | EC | MX | VE,369,369,high
Palisota schweinfurthii C.B.Clarke,Palisota schweinfurthii C.B.Clarke,2763810,wfo-0000488837,Palisota schweinfurthii C.B.Clarke,,,0,0,none
Passiflora citrina J.M.Macdougal,Passiflora citrina J.M.Mac Dougal,3587717,wfo-0000479819,Passiflora citrina J.M.MacDougal,,,0,0,none
Passiflora coriacea Juss.,Passiflora coriacea Juss.,7565198,wfo-0000480045,Passiflora coriacea Juss.,Colombia,CO,4,4,very_low
Passiflora edulis Sims.,Passiflora edulis Sims,2874190,wfo-0000479905,Passiflora edulis Sims,Brazil | Chinese Taipei | Colombia,BR | CO | TW,1486,900,high
Passiflora foetida L.,Passiflora foetida L.,2874211,wfo-0000479879,Passiflora foetida L.,Argentina | Australia | Bolivia (Plurinational State of) | Brazil | Chinese Taipei | Colombia | Mexico,AR | AU | BO | BR | CO | MX | TW,1890,900,high
Passiflora incarnata L.,Passiflora incarnata L.,2874218,wfo-0001090757,Passiflora incarnata L.,United States of America,US,9,9,very_low
Passiflora quadrangularis L.,Passiflora quadrangularis L.,2874183,wfo-0000480101,Passiflora quadrangularis L.,Bahamas | Brazil | Colombia | Fiji | Mexico,BR | BS | CO | FJ | MX,56,56,medium
Passiflora x violacea 'Atropurpurea',Passiflora × violacea Loisel.,7152266,wfo-0000745854,Passiflora violacea Loisel.,,,0,0,none
Phyllanthus inflatus Hutch,Phyllanthus inflatus Hutch.,5381231,wfo-0000271217,Phyllanthus inflatus Hutch.,,,0,0,none
Phyllanthus reticulatus Poir.,Phyllanthus reticulatus Poir.,5382478,wfo-0000271947,Phyllanthus reticulatus Poir.,Australia | Chinese Taipei | India,AU | IN | TW,45,45,low
Pilea involucrata (Sims) C.H.Wright & Dewar 'Moon Walley',Pilea involucrata (Sims) C.H.Wright & Dewar,5669908,wfo-0001260895,Pilea ovalis Griseb.,,,0,0,none
Pilea involucrata (Sims) C.H.Wright & Dewar 'Norfolk',Pilea involucrata (Sims) C.H.Wright & Dewar,5669908,wfo-0001260895,Pilea ovalis Griseb.,,,0,0,none
Piper betle L.,Piper betle L.,4187904,wfo-0000479518,Piper betle L.,Chinese Taipei | India | Papua New Guinea,IN | PG | TW,10,10,low
Piper kadzura (Choisy) Ohwi.,Piper kadsura (Choisy) Ohwi,4183601,wfo-0000486229,Piper kadsura (Choisy) Ohwi,Chinese Taipei | Japan,JP | TW,80,80,medium
Piper longum L.,Piper longum L.,3086338,wfo-0000486013,Piper longum L.,,,0,0,none
Piper magnificum Trel.,Piper magnificum Gentil ex Trel.,7860851,wfo-0001092849,Piper magnificum hort. ex Gentil,,,0,0,none
Plumeria alba L.,Plumeria alba L.,3169673,wfo-0000279064,Plumeria alba L.,,,1,1,very_low
Plumeria rubra L.,Plumeria rubra L.,3169674,wfo-0000279184,Plumeria rubra L.,Colombia,CO,2,2,very_low
Polyalthia suberosa (Raxb.) Thwaites,Polyalthia suberosa (Roxb.) Thwaites,3156325,wfo-0001066143,Polyalthia suberosa (Roxb.) Thwaites,,,1,1,very_low
Pseudorhipsalis ramulosa (Salm-Dyck) Barthlott ,Pseudorhipsalis ramulosa (Salm-Dyck) Barthlott,7283547,wfo-0000397959,Kimnachia,Brazil | Mexico,BR | MX,3,3,very_low
Pseudospondias microcarpa Engl.,Pseudospondias microcarpa (A.Rich.) Engl.,3660956,wfo-0000393818,Pseudospondias microcarpa Engl.,Guinea-Bissau,GW,1,1,very_low
Psidium cattleyanum Afzel. ex Sabine 'Limon',Psidium cattleianum Afzel. ex Sabine,5420641,wfo-0000284334,Psidium,Brazil | Seychelles,BR | SC,1439,900,high
Psidium cattleyanum Afzel. ex Sabine 'Red-Macrocarpa',Psidium cattleianum Afzel. ex Sabine,5420641,wfo-0000284334,Psidium,Brazil | Seychelles,BR | SC,1439,900,high
Psidium cattleyanum Afzel. ex Sabine 'Rojo',Psidium cattleianum Afzel. ex Sabine,5420641,wfo-0000284334,Psidium,Brazil | Seychelles,BR | SC,1439,900,high
Psidium friedrichstahlianum (O.Berg) Niedenzu.,Psidium friedrichsthalianum (O.Berg) Nied.,5420358,wfo-0000284404,Psidium friedrichsthalianum (O.Berg) Nied.,Brazil | Colombia | Costa Rica,BR | CO | CR,71,71,medium
Psidium guajava L. 'Bankog's Gigant',Psidium guajava L.,5420380,wfo-0000284421,Psidium guajava L.,Argentina | Australia | Brazil | Chile | China | Chinese Taipei | Colombia | Jamaica | Timor-Leste,AR | AU | BR | CL | CN | CO | JM | TL | TW,95,95,medium
Psidium guajava L. 'Guajho Blanco',Psidium guajava L.,5420380,wfo-0000284421,Psidium guajava L.,Argentina | Australia | Brazil | Chile | China | Chinese Taipei | Colombia | Jamaica | Timor-Leste,AR | AU | BR | CL | CN | CO | JM | TL | TW,95,95,medium
Psidium guajava L. 'Orange Pulp',Psidium guajava L.,5420380,wfo-0000284421,Psidium guajava L.,Argentina | Australia | Brazil | Chile | China | Chinese Taipei | Colombia | Jamaica | Timor-Leste,AR | AU | BR | CL | CN | CO | JM | TL | TW,95,95,medium
Psidium guajava L. 'Rosa Cubana',Psidium guajava L.,5420380,wfo-0000284421,Psidium guajava L.,Argentina | Australia | Brazil | Chile | China | Chinese Taipei | Colombia | Jamaica | Timor-Leste,AR | AU | BR | CL | CN | CO | JM | TL | TW,95,95,medium
Psidium guineense Sw.,Psidium guineense Sw.,5420509,wfo-0000284428,Psidium guineense Sw.,,,2023,0,high
Rauvolfia tetraphylla,Rauvolfia tetraphylla L.,3169782,wfo-0000295195,Rauvolfia tetraphylla L.,Colombia | Ecuador,CO | EC,4,4,very_low
Ravenala madagascariensis Sonn.,Ravenala madagascariensis Sonn.,2763095,wfo-0000509912,Ravenala madagascariensis Sonn.,Madagascar,MG,2,2,very_low
Rhipsalis baccifera (J.S.Muell.) Stearn,Rhipsalis baccifera (J.S.Muell.) Stearn,3084036,wfo-0000399853,Rhipsalis baccifera (Sol. ex J.S.Muell.) Stearn,Argentina | Bolivia (Plurinational State of) | Brazil | Central African Republic | Colombia | Comoros | Costa Rica | Ecuador | French Guiana | Guyana | Mexico | Paraguay | Seychelles | South Africa | Venezuela (Bolivarian Republic of),AR | BO | BR | CF | CO | CR | EC | GF | GY | KM | MX | PY | SC | VE | ZA,242,242,high
Rhipsalis cereuscula Haw.,Rhipsalis cereuscula Haw.,7659514,wfo-0000399868,Rhipsalis cereuscula Haw.,Argentina | Brazil | Paraguay,AR | BR | PY,318,318,high
Rhipsalis pilocarpa Loefgr.,Rhipsalis pilocarpa Loefgr.,7280718,wfo-0000399667,Rhipsalis pilocarpa Loefgr.,Argentina | Brazil,AR | BR,46,46,low
Rosenbergiodendron formosum (Jacq.) Fagerl.,Rosenbergiodendron formosum (Jacq.) Fagerl.,2904221,wfo-0000298039,Rosenbergiodendron formosum (Jacq.) Fagerl.,Colombia | Ecuador,CO | EC,2,2,very_low
Sacharum officinarum L.,Saccharum officinarum L.,2703912,wfo-0000896660,Saccharum officinarum L.,Colombia | United Kingdom of Great Britain and Northern Ireland,CO | GB,20,20,low
Salacca zalacca (Gaertn.) Voss.,Salacca zalacca (Gaertn.) Voss,2731764,wfo-0000300111,Salacca zalacca (Gaertn.) Voss,,,0,0,none
Sauropus androgynus (L.) Merr.,Sauropus androgynus (L.) Merr.,9197670,wfo-0001424148,Breynia androgyna (L.) Chakrab. & N.P.Balakr.,Australia,AU,2,2,very_low
Selenicereus chrysocardium (Alexander) Kimnach,Selenicereus chrysocardius (Alexander) Kimnach,5621256,wfo-0000670160,Epiphyllum chrysocardium Alexander,,,0,0,none
Setaria palmifolia (Koenig) Stapf,Setaria palmifolia (J.Koenig) Stapf,2702958,wfo-0000899427,Setaria palmifolia (J.Koenig) Stapf,Australia | Brazil | Chinese Taipei | New Zealand | Papua New Guinea | Timor-Leste | United States of America,AU | BR | NZ | PG | TL | TW | US,66,66,medium
Solandra maxima (Sessé et Moc.) P.Green.,Solandra maxima (Moc. & Sessé) P.S.Green,5581538,wfo-0001025619,Solandra maxima (Sessé & Moc.) P.S.Green,Spain,ES,4,4,very_low
Spathiphyllum cochlearispatum (Liebm.) Engl.,Spathiphyllum cochlearispathum (Liebm.) Engl.,2869661,wfo-0000312000,Spathiphyllum cochlearispathum (Liebm.) Engl.,,,0,0,none
Spathodea campanulata Beauv.,Spathodea campanulata Beauverd,3172574,wfo-0000779723,Spathodea campanulata P.Beauv.,Australia | Kenya | Malaysia,AU | KE | MY,3,3,very_low
Spondias dulcis,Spondias dulcis Parkinson,3190595,wfo-0000435462,Spondias dulcis G.Forst.,Papua New Guinea,PG,2,2,very_low
Spondias mombin L.,Spondias mombin L.,3190593,wfo-0000435470,Spondias mombin L.,Bolivia (Plurinational State of) | Brazil | Colombia | Guyana | Mexico | Nicaragua | Panama | Peru | Venezuela (Bolivarian Republic of),BO | BR | CO | GY | MX | NI | PA | PE | VE,619,619,high
Strelitzia alba (L.) Skeels.,Strelitzia alba (L.f.) Skeels,2763106,wfo-0000561814,Strelitzia alba (L.f.) Skeels,,,0,0,none
Strelitzia nicolai Reg. et Körn.,Strelitzia nicolai Regel & Körn.,2763112,wfo-0000561967,Strelitzia nicolai Regel & Körn.,,,0,0,none
Strophanthus gratus (Wall. et Hook.) Baill.,Strophanthus gratus (Wall. & Hook.) Baill.,8685745,wfo-0000317279,Strophanthus gratus (Wall. & Hook. ex Benth.) Baill.,,,2,2,very_low
Strophanthus petersianus Klotzsch.,Strophanthus petersianus Klotzsch,3619876,wfo-0000317320,Strophanthus petersianus Klotzsch,,,0,0,none
Syagrus romanzoffianum (Cham.) Glassm,Syagrus romanzoffiana (Cham.) Glassman,5293897,wfo-0000317885,Syagrus romanzoffiana (Cham.) Glassman,Argentina | Brazil | Paraguay | Seychelles | Uruguay,AR | BR | PY | SC | UY,324,324,high
Tamarindus indica L.,Tamarindus indica L.,2975768,wfo-0000170926,Tamarindus indica L.,Australia | Chinese Taipei | India,AU | IN | TW,24,24,low
Terminalia catappa L.,Terminalia catappa L.,3189394,wfo-0000406800,Terminalia catappa L.,Australia | Chinese Taipei | Nauru | Papua New Guinea | Seychelles | Timor-Leste | Tonga | Vanuatu,AU | NR | PG | SC | TL | TO | TW | VU,77,77,medium
Theobroma cacao L,Theobroma cacao L.,3152205,wfo-0000458440,Theobroma cacao L.,Angola | Australia | Belize | Benin | Bolivia (Plurinational State of) | Brazil | Cameroon | Colombia | Costa Rica | Côte d’Ivoire | Dominican Republic | Ecuador | Guatemala | Guyana | Indonesia | Jamaica | Malaysia | Mexico | Nicaragua | Peru | Puerto Rico | Suriname | Trinidad and Tobago | United Kingdom of Great Britain and Northern Ireland | United States of America | Venezuela (Bolivarian Republic of) | Virgin Islands (U.S.),AO | AU | BJ | BO | BR | BZ | CI | CM | CO | CR | DO | EC | GB | GT | GY | ID | JM | MX | MY | NI | PE | PR | SR | TT | US | VE | VI,1916,900,high
Thunbergia mysorensis (Wight) T.Anderson ,Thunbergia mysorensis (Wight) T.Anderson,7972115,wfo-0000510530,Thunbergia mysorensis (Wight) T.Anderson,,,0,0,none
Vanilla planifolia Andrews,Vanilla planifolia Andrews,2803398,wfo-0000331533,Vanilla planifolia Andrews,Colombia | Dominican Republic | Mexico,CO | DO | MX,8,8,very_low
Vanilla pompona Schiede,Vanilla pompona Schiede,2803463,wfo-0000331540,Vanilla pompona Schiede,Brazil | Colombia | Costa Rica,BR | CO | CR,70,70,medium
Zingiber officinale Roscoe,Zingiber officinale Roscoe,2757280,wfo-0000617397,Zingiber officinale Roscoe,Chinese Taipei | India | Jamaica | Japan | South Africa,IN | JM | JP | TW | ZA,20,20,low
